title;slug;excerpt;content;views;published
Découvrir Laravel;decouvrir-laravel;Introduction au framework PHP;Ici le contenu complet...;120;1
Blade en pratique;blade-en-pratique;Moteur de template Laravel;Contenu Blade...;90;1
Eloquent simplifié;eloquent-simplifie;ORM et modèles en action;Contenu Eloquent...;60;1
Routing avancé;routing-avance;Comprendre le système de routing;Contenu Routing...;75;1
Middleware utiles;middleware-utiles;Comment fonctionnent les middlewares;Contenu Middleware...;65;1
Artisan en profondeur;artisan-en-profondeur;Commandes importantes Artisan;Contenu Artisan...;110;1
Introduction à Eloquent;introduction-eloquent;Comprendre l’ORM Laravel;Contenu Introduction Eloquent...;98;1
Relations Eloquent;relations-eloquent;One-to-many, Many-to-many;Contenu Relations...;84;1
Seeder & Factory;seeder-et-factory;Générer des données facilement;Contenu Seeder...;72;1
Migration avancée;migration-avancee;Modifier et gérer les tables;Contenu Migration...;55;1
